QueryNumber,ResponseTimeSeconds
1,0.02113
2,0.021165
3,0.016214
4,0.018011
5,0.014644
6,0.014751
7,0.013314
8,0.013466
9,0.012333
10,0.013652
